prompt,response
What is a flood?,"A flood is an overflow of water that submerges normally dry land, caused by events like heavy rainfall, river overflow, or storm surges."
What causes floods?,"Floods can be triggered by natural events such as excessive rainfall, hurricanes, snowmelt, or human activities like deforestation and poor land management."
What are the different types of floods?,"Types of floods include river floods, flash floods, coastal floods, and urban floods."
How can floods be predicted?,"Flood prediction involves monitoring weather patterns, river levels, and rainfall using technology like satellites and hydrological models."
What are the effects of floods?,"Floods can lead to loss of life, property damage, infrastructure destruction, soil erosion, and water contamination."
How can communities prepare for floods?,"Communities can prepare by developing flood risk management plans, building defenses, maintaining drainage systems, and raising public awareness."
What should I do during a flood?,"During a flood, move to higher ground, avoid floodwaters, and follow emergency services’ instructions."
How can floods be mitigated?,"Flood mitigation includes building defenses, restoring wetlands, improving land use planning, and enhancing early warning systems."
What are the long-term impacts of flooding?,"Long-term impacts of flooding include economic losses, population displacement, health issues, and ecosystem changes."
How does climate change affect flooding?,"Climate change affects flooding by increasing the frequency and intensity of heavy rainfall and storms, leading to more severe floods."
What is a floodplain?,"A floodplain is a flat area of land adjacent to a river, prone to flooding when the river overflows."
How can individuals protect their homes from floods?,"Individuals can protect their homes by installing flood barriers, elevating appliances, sealing walls, and having a flood emergency plan."
What are the differences between flash floods and regular floods?,"Flash floods occur suddenly with little warning, often due to intense rainfall, while regular floods develop more slowly."
What is the role of government in flood management?,"Governments play a role in flood management by creating policies, building infrastructure, providing emergency services, and raising public awareness."
How do floods impact agriculture?,"Floods can devastate agriculture by destroying crops, eroding soil, and contaminating water supplies."
What technologies are used in flood monitoring?,"Technologies used in flood monitoring include satellites, weather radars, sensors, and computer modeling."
What is the importance of wetlands in flood prevention?,"Wetlands are important in flood prevention as they absorb excess rainwater, reduce peak flow, and filter pollutants."
How do floods affect wildlife and ecosystems?,"Floods can disrupt wildlife habitats, reduce biodiversity, and alter ecosystems by changing water and nutrient availability."
What are natural disasters?,"Natural disasters are catastrophic events caused by natural processes of the Earth, such as earthquakes, floods, and hurricanes."
How do earthquakes occur?,"Earthquakes occur due to the movement of tectonic plates along faults, releasing energy that causes ground shaking."
What causes tsunamis?,"Tsunamis are caused by underwater earthquakes, volcanic eruptions, or landslides displacing large volumes of water."
How can hurricanes be predicted?,"Hurricanes can be predicted using satellite imagery, weather models, and atmospheric data to track storm development and movement."
What are the effects of volcanic eruptions?,"Volcanic eruptions release lava, ash, and gases, causing destruction, air quality issues, and climate effects."
How do wildfires start and spread?,"Wildfires start from natural causes like lightning or human activities, and spread rapidly with wind and dry conditions."
What measures can be taken to prepare for tornadoes?,"To prepare for tornadoes, have a safe shelter, emergency kit, and stay informed through weather alerts."
How do droughts impact the environment and economy?,"Droughts impact the environment by reducing water availability, affecting agriculture, and causing economic losses."
What role does climate change play in natural disasters?,Climate change increases the frequency and severity of natural disasters through rising temperatures and altered weather patterns.
How can communities recover from natural disasters?,"Communities can recover from natural disasters through emergency response, rebuilding infrastructure, and providing aid and support."
"f I drive a pickup or a large SUV, why can't I drive through flood water?",As little as 6 inches of fast-moving water can sweep most vehicles off the road. You also can't see road damage or hazards under the water.
Does a 100-year flood occur once every 100 years on average?,"No, it has a 1% chance of occurring in any given year, not necessarily once every 100 years."
Is flooding really that big of a deal?,"Yes, flooding causes more damage in the U.S. than any other severe weather event, averaging $5 billion in damage annually."
How can I find out if I am in danger from a flood?,Check the WRIS Kerala website for warnings and forecasts.
How do I know how severe a flood will be?,"Flash flood warnings are categorized as Base, Considerable, or Catastrophic. River flooding is categorized as Minor, Moderate, or Major."
How can I sign up for emergency alerts before a storm?,"Turn on “government,” “emergency,” or “public safety” alerts on your phone or use apps like FEMA, Weather Channel, or WeatherUSA."
What should I do if I don’t have a smartphone but want to receive emergency alerts?,Check for local emergency alert systems or use a battery-operated NOAA band radio.
Why is it important to get flood insurance?,"Flood insurance covers damages not included in standard homeowner or renter insurance, even a small amount of water can cause significant damage."
What should I include in a go bag for emergencies?,"Pack water, nonperishable food, medications, toiletries, first aid kit, portable radio, batteries, flashlight, cash, important documents, and a life jacket."
How should I store important documents and items before a flood?,Keep documents on high shelves or in waterproof/fireproof containers and make digital copies.
How can I plan ahead for loved ones with special needs?,"Carry contact information for helpers, consult with doctors, keep assistive devices handy, and plan transportation if needed."
What should I consider for my pets during a flood?,"Plan for pet evacuation, find shelters that accept pets, and include pet supplies in your emergency kit."
How can I stay informed about the storm's status?,"Monitor news alerts for terms like flood watch, flood warning, and flash flood."
What should I do to ensure safety by moving to higher ground?,"Move to higher floors or elevations, but avoid closed attics; only go on the roof if absolutely necessary."
What steps should I take if evacuation is necessary?,"Evacuate when directed, turn off utilities, unplug electronics, and use recommended travel routes."
How should I handle utilities and electronic devices before evacuating?,"Turn off utilities, unplug all devices, and charge your phone and electric vehicle if possible."
What should I do if I’m unable to evacuate and need to shelter in place?,"Turn off utilities, get to the highest point, avoid walking through floodwaters, and call 911 if trapped."
How should I respond if I encounter floodwaters while driving?,"Turn around to avoid flooded roads; if floodwaters reach your car, exit immediately, seek higher ground, and call 911."
What health precautions should I take after a flood?,"Avoid contact with contaminated water, watch for drinking water alerts, and follow CDC guidance."
How can I protect myself from potential contamination and mold in my home?,"Clean and disinfect affected areas, dispose of contaminated items, and address any standing water promptly."
What is flooding and how common is it in Kerala?,"Flooding in Kerala is common due to heavy monsoon rains, river overflow, and coastal storms. It is a frequent occurrence during the monsoon season."
What are some causes of flooding in Kerala?,"Causes of flooding in Kerala include intense rainfall during the monsoon season, river overflow, landslides, and storm surges."
How can floods develop and what are the potential consequences in Kerala?,"Floods can develop slowly over days or rapidly as flash floods. Consequences include property damage, infrastructure disruption, and landslides."
What should you do if you receive a flood warning in Kerala?,"If you receive a flood warning in Kerala, seek safe shelter immediately, follow local evacuation orders, and avoid floodwaters."
"Why is it dangerous to walk, swim, or drive through flood waters in Kerala?","Walking, swimming, or driving through floodwaters is dangerous because even a small amount of moving water can be powerful enough to sweep you away or cause injury."
What precautions should you take if there is fast-moving water in Kerala?,"If facing fast-moving water, avoid crossing it, stay away from bridges, and move to higher ground."
How can you determine your flood risk in Kerala?,Determine your flood risk by consulting local flood maps and the Kerala State Disaster Management Authority (KSDMA) website. Sign up for community alerts.
Why is it important to purchase flood insurance in Kerala and how can you obtain it?,Purchase flood insurance through private insurers or the National Flood Insurance Program (NFIP). Policies typically take up to 30 days to activate.
What should you include in your flood preparedness plan for Kerala?,"Your flood preparedness plan should include evacuation routes, emergency contacts, and a plan for your pets. Practice these plans regularly."
What supplies should you gather in case of an emergency in Kerala?,"Gather supplies such as drinking water, non-perishable food, medications, first aid kits, and important documents."
How should you protect important documents during a flood in Kerala?,Protect documents by storing them in waterproof containers and creating digital copies. Keep valuables on higher floors if possible.
What are some measures to protect your property and prevent flooding in Kerala?,"To protect property, clear gutters and drains, install check valves, and consider using a sump pump with a battery backup."
What should you do if you are told to evacuate in Kerala?,"Evacuate when directed by authorities, and follow their instructions carefully. Do not drive around barricades."
What actions should you avoid while driving in flood conditions in Kerala?,"Avoid driving through floodwaters; it can lead to vehicle damage or danger. If trapped, abandon the vehicle and seek higher ground."
How should you respond if you are trapped in a car or building during a flood in Kerala?,"If trapped in a car, stay inside until water rises to a level where you can safely climb onto the roof. Signal for help."
What should you do if you need medical attention during a flood in Kerala?,"If trapped in a building, get to the highest level but avoid closed attics. Signal for help and wait for rescue."
When is it safe to return home after a flood in Kerala?,Return home only when authorities confirm it is safe. Follow local advice and avoid driving unless absolutely necessary.
What precautions should you take during cleanup after a flood in Kerala?,"During cleanup, wear protective clothing and avoid contact with mold or contaminated water. Children and those with health issues should avoid cleanup."
How can you protect yourself from electrocution and other hazards during flood cleanup in Kerala?,"To avoid electrocution, do not touch electrical equipment if wet or standing in water. Turn off the power if it is safe to do so."
What safety measures should you follow when using generators or other machinery after a flood in Kerala?,Use generators or gasoline-powered equipment outdoors and away from windows to avoid carbon monoxide poisoning and fire hazards.
What are some flood-control measures to take before a flood in Kerala?,"Build an emergency kit and make a family communications plan. Avoid building in a floodplain unless you elevate and reinforce your home. Elevate the furnace, water heater, and electric panel. Install check valves to prevent floodwater backup. Construct barriers and seal basement walls with waterproofing compounds."
How can you prepare an emergency kit and family communications plan for a flood?,"Prepare an emergency kit with essentials like non-perishable food, water, medications, and important documents. Make a family communications plan to ensure everyone knows what to do and where to go."
"Why should you avoid building in a floodplain, and what can you do if you live in one?","Building in a floodplain is risky because it increases the likelihood of flood damage. If you must build in one, elevate your home and reinforce it to reduce flood risk."
How can elevating your home's utilities help in flood-prone areas?,"Elevating utilities like the furnace, water heater, and electric panel helps prevent damage and ensures they remain functional during a flood."
"What are ""check valves"" and how do they help prevent flood water backup?",Check valves are devices installed in drainage systems to prevent floodwater from backing up into your home’s drains.
What steps can you take to seal your home against floodwater?,Construct barriers to block floodwater from entering the building and use waterproofing compounds to seal walls in basements.
What should you do during a flood to stay safe and informed?,"Listen to the radio or television for updates and warnings. Move to higher ground if flash flooding is possible, and be aware of areas prone to sudden flooding."
How can you prepare to evacuate safely if a flood is likely?,Secure your home by moving outdoor furniture indoors and relocating essential items to upper floors. Turn off utilities if instructed and follow evacuation instructions.
What precautions should you take with utilities and electrical appliances during a flood?,Turn off utilities at the main switches or valves if instructed. Do not touch electrical equipment if you are wet or standing in water.
What should you do immediately after a flood to ensure safety?,Avoid moving water and stay away from damaged areas unless you are requested to assist. Follow local warnings and return home only when authorities say it is safe.
How can you help emergency workers and stay out of the way during flood recovery?,Stay off the roads and out of the way to allow emergency workers to assist those in need.
Why is it important to avoid moving water and damaged areas after a flood?,"Moving water can be dangerous, and flood-damaged areas may still pose risks. Avoiding these areas helps prevent injury and ensures you don't interfere with recovery efforts."
How can you stay safe when walking or driving in areas that have been flooded?,"Stay on firm ground, avoid wading through floodwaters, and be cautious of weakened roads and hidden hazards."
What should you be aware of when entering buildings after a flood?,"Be cautious of hidden damage, particularly in foundations, and use extreme care to avoid risks from unsafe conditions."
"How can you stay healthy during and after a flood, particularly regarding contaminated water and sanitation?","Avoid floodwaters as they may be contaminated. Service damaged septic systems, ensure the safety of the water supply, and clean and disinfect everything that got wet."
What steps should you take to clean and disinfect your home after a flood?,"Clean and disinfect all items affected by floodwater, including appliances, furniture, and floors. Ensure you remove mud and sanitize thoroughly."
How can you manage the stress and emotional impact of a flood?,"Rest often, eat well, and take things one step at a time. Discuss your concerns with others and seek emotional support if needed."
What should you do to clean up and repair your home after a flood?,"Turn off electricity at the main breaker, obtain repair guides, contact your insurance agent, and check for state or federal assistance. Hire qualified contractors and check references."
How can you ensure that your home is safe to turn the electricity back on?,Turn off electricity at the main breaker until you are sure the home is dry and safe. Inspect the system and ensure no damage remains.
Where can you obtain resources and assistance for repairing a flooded home?,"Get resources from the American Red Cross, local emergency managers, and state or federal government agencies."
What should you consider when hiring contractors for cleanup and repair after a flood?,"Check references, ensure they are qualified for the job, and be wary of unsolicited offers from people driving through neighborhoods."
What general precautions should you take to prepare for a flood?,"Avoid littering in drains, stay informed about weather forecasts, evacuate low-lying areas, and secure valuables at higher places."
How should you safely evacuate and prepare your emergency kit before a flood?,"Pack an emergency kit with essentials, ensure all family members have IDs, inform others of your evacuation location, and follow government orders."
What steps should you follow to stay safe during a flood?,"Listen to updates, switch off electrical supplies, avoid rumors, and stay informed through radio or TV."
How should you manage electrical and gas appliances during a flood?,"Turn off electrical and gas appliances, and report power line issues."
What should you do to protect yourself and your property from floodwater?,"Avoid contact with floodwater, use a stick to navigate, and report downed power lines."
What safety measures should you take when walking or driving in flooded areas?,"Avoid walking or driving through floodwater, be cautious of debris, and ensure ground stability."
How can you ensure safety and proper cleanup after a flood?,"Remove water with buckets and mops, and avoid using electrical equipment on wet floors."
What are the do's and don'ts for dealing with floodwater and related hazards?,"Do not walk through moving water, swim in floodwater, or drive through flooded areas. Avoid touching electrical equipment if wet and do not use vacuum cleaners for water removal."
How should you handle damaged electrical equipment and other hazards after a flood?,"Do not reconnect power until checked, avoid smoking or open flames, and be cautious of gas leaks and damaged ceilings."
What are the recommended actions for cleaning and repairing your home following a flood?,"Clean and disinfect wet items, avoid scrubbing mud that may cause further damage, and ensure structural integrity during repairs."
